lemma,count
ola,1402
psalm,1401
kike,1401
reptilian,1401
ruffian,1401
turtleneck,1400
anaconda,1400
clocking,1400
starkey,1400
glutton,1400
awkwardness,1399
looter,1399
bloodstain,1399
tenement,1399
catholicism,1399
crossover,1398
vocalist,1398
agha,1398
inducing,1397
gd,1397
pseudonym,1397
frick,1397
splint,1396
moll,1396
borscht,1396
speer,1396
importing,1396
tho,1395
sumerian,1394
lat,1393
solvent,1393
toner,1393
pollack,1392
nome,1392
yukon,1392
annoyance,1392
vaseline,1391
argo,1391
origami,1391
ventricle,1390
amazement,1389
jumble,1389
molding,1389
nicker,1388
converging,1388
guardianship,1388
v.p.,1388
aiken,1387
knapsack,1387
playhouse,1387
southerner,1387
vas,1386
steeple,1386
rotor,1386
lind,1386
gulag,1386
impunity,1386
splutter,1386
wylie,1386
lansing,1385
bruges,1385
spatula,1385
laguna,1385
memorandum,1384
alerting,1384
texan,1383
forsaking,1383
sifting,1383
synergy,1382
pomegranate,1382
wisp,1382
applesauce,1381
nativity,1381
miri,1381
corsica,1381
locus,1381
nunnery,1380
adoration,1380
wormwood,1380
printout,1380
debit,1380
callback,1379
shebang,1379
workhouse,1379
naga,1379
nullah,1379
sussex,1379
brownstone,1379
flintstone,1378
pram,1378
oni,1378
decryption,1377
scrambler,1377
lally,1376
labrador,1376
p.e.,1376
tricycle,1376
carpentry,1376
pituitary,1376
winkle,1375
